summary,arr_delay
count,2913802
mean,4.260858150279257
stddev,51.174824360595636
min,-96.0
25%,-16.0
50%,-7.0
75%,7.0
max,2934.0
